,id,type,x,y,z,demand,priority,name,equivalence_class,stationary_distribution,in_degree,out_degree,degree_centrality,in_degree_centrality,out_degree_centrality,closeness_centrality,betweenness_centrality,pagerank,eigenvector_centrality,hits_hub,hits_authority
0,0,city_hall,137.9271716983627,34.83575831770259,43.88288908534851,0,1.0,森町役場,1,0.09650253797622689,192.0,114.0,1.59375,1.0,0.59375,1.0,0.007184311489129743,0.008962996156589666,0.09936270313002159,0.005368045262956146,0.007906232870168837
1,1,shelter,137.89118769892,34.825233541179,39.14172435622423,0,2.0,一宮総合センター,1,0.04080343971341178,182.0,100.0,1.46875,0.9479166666666666,0.5208333333333333,0.9504950495049505,0.00958376710937759,0.007513735856903802,0.0982663986008782,0.004154173510510623,0.007873667260161846
2,2,shelter,137.94721066184,34.902459866552,125.84515130496658,0,2.0,旧三倉小学校,1,0.042289117514913106,121.0,13.0,0.6979166666666666,0.6302083333333333,0.06770833333333333,0.7300380228136882,0.019562398122182235,0.006472745119666833,0.06776616217830296,0.0004898630478131789,0.0049557453680869595
3,3,shelter,137.943806889214,34.8997006677885,126.1978677042942,0,2.0,三倉総合センター,1,0.04242514374761568,123.0,13.0,0.7083333333333333,0.640625,0.06770833333333333,0.735632183908046,0.011905355233248904,0.0065161208802228705,0.06851798805820132,0.0004961801372099847,0.005051293397622267
4,4,shelter,137.92894238434,34.837856283803,44.184546432957056,0,2.0,森小学校,1,0.09816700644650814,192.0,115.0,1.5989583333333333,1.0,0.5989583333333333,1.0,0.007865942815700137,0.00896357322926675,0.09936270313002159,0.005308398128946016,0.007906706999447783
5,5,shelter,137.91934369789,34.826775281129,37.706170791509855,0,2.0,森町文化会館,1,0.05794530487975266,192.0,141.0,1.734375,1.0,0.734375,1.0,0.018272038860911544,0.008975721268985371,0.09936270313002159,0.00636057043990775,0.007898343383870793
6,6,shelter,137.92585272867,34.835848500095,44.527716384353695,0,2.0,遠江総合高等学校,1,0.09518197582075713,192.0,112.0,1.5833333333333333,1.0,0.5833333333333333,1.0,0.006864157595346023,0.008961811329737836,0.09936270313002159,0.005324391322044924,0.00790657987110812
7,7,shelter,137.9278040689,34.838103612536,44.60000000000001,0,2.0,森町総合体育館,1,0.09353393082690913,192.0,114.0,1.59375,1.0,0.59375,1.0,0.007760207020796485,0.008962996156589666,0.09936270313002159,0.005261817707471144,0.007907077262697033
8,8,shelter,137.9418275946,34.859104722076,58.40676735200023,0,2.0,旧天方小学校,1,0.03426266359015536,192.0,79.0,1.4114583333333333,1.0,0.4114583333333333,1.0,0.014244111683370033,0.008933692751806117,0.09936270313002159,0.003291141422837475,0.00792274197721161
9,9,shelter,137.9012781733,34.811145054853,27.54085051562456,0,2.0,園田総合センター,1,0.05774838605053968,182.0,113.0,1.5364583333333333,0.9479166666666666,0.5885416666666666,0.9504950495049505,0.008599756069360644,0.0075210287059348695,0.0982663986008782,0.004813012477985852,0.007868430213155673
10,10,shelter,137.90125435611,34.815202366677,43.905831468994805,0,2.0,旭が丘中学校,1,0.06136313299183562,182.0,114.0,1.5416666666666665,0.9479166666666666,0.59375,0.9504950495049505,0.005799853412139676,0.007521521310931379,0.0982663986008782,0.004932705777169526,0.00786747878273778
11,11,shelter,137.89930836623,34.816999084056,41.56872869724239,0,2.0,宮園小学校,1,0.06310512616584006,182.0,111.0,1.5260416666666665,0.9479166666666666,0.578125,0.9504950495049505,0.007418294829973603,0.007520017071015292,0.0982663986008782,0.004711835421043912,0.007869234459761157
12,12,shelter,137.9325440238,34.845068958885,56.67189631509701,0,2.0,森中学校,1,0.058447593163804476,192.0,109.0,1.5677083333333333,1.0,0.5677083333333333,1.0,0.007796878891812697,0.008959953196197846,0.09936270313002159,0.004970429070914651,0.007909393482687113
13,13,shelter,137.92134023669,34.811632913831,32.222300454792276,0,2.0,飯田小学校,1,0.06004417530756192,183.0,130.0,1.6302083333333333,0.953125,0.6770833333333333,0.9552238805970149,0.0060762827048828245,0.0075687051052267754,0.09826660553512692,0.005730330613248476,0.007866269829795535
14,14,shelter,137.92041219409,34.813195183975,33.95723126516025,0,2.0,飯田総合センター,1,0.06001586254721945,183.0,135.0,1.65625,0.953125,0.703125,0.9552238805970149,0.006012875898416174,0.007570526573031714,0.09826660553512692,0.005970886017288862,0.007864357678236896
15,15,shelter,137.93859223294,34.869107406165,68.41262198495207,0,2.0,旧泉陽中学校,1,0.031689850909365304,192.0,57.0,1.296875,1.0,0.296875,1.0,0.023150578880522396,0.008897125114037212,0.09936270313002159,0.0021007085384877,0.007932204612667018
16,16,client,137.94912493111332,34.891076263239015,191.8540511330475,2,5.0,三倉（黒田）_1,1,1.1170603687403469e-05,17.0,27.0,0.22916666666666666,0.08854166666666666,0.140625,0.5231607629427792,0.0012771378915741904,0.00246802987577255,0.002123638232265311,0.0009934494980074944,0.00020492825101631418
17,17,client,137.9288491791216,34.90048602514178,420.0122854474216,2,2.0,三倉（三倉）_1,1,8.925401141558244e-07,5.0,15.0,0.10416666666666666,0.026041666666666664,0.078125,0.4266666666666667,0.00328966957410837,0.0015604754507089298,0.0005560163806493788,0.0005252594951871401,2.059413095828604e-05
18,18,client,137.94680664950144,34.91703980037675,338.0469239207915,2,1.0,三倉（中村）_1,1,1.2042235983805716e-06,9.0,14.0,0.11979166666666666,0.046875,0.07291666666666666,0.43243243243243246,0.0025921484677205522,0.002101681198995247,0.001096304529143392,0.0005250823477939133,3.804073013130942e-05
19,19,client,137.97274402536593,34.92262871866318,270.40059800693115,1,4.0,三倉（上野平）_1,1,1.8100720101249523e-07,3.0,19.0,0.11458333333333333,0.015625,0.09895833333333333,0.34594594594594597,0.005389474665324897,0.0009070668668133825,2.626275240950306e-05,0.0006455342958840316,3.128737880651665e-05
20,20,client,137.98129097712538,34.94335573245778,497.6666118024019,2,3.0,三倉（大河内）_1,1,3.324964650830431e-08,1.0,15.0,0.08333333333333333,0.005208333333333333,0.078125,0.257372654155496,0.0,0.0008177920636591514,2.0857736082169436e-07,0.0005276480812971118,5.131289463034523e-06
21,21,client,137.9459987498696,34.92942962964434,285.5622273083897,2,2.0,三倉（乙丸）_1,1,5.694564688268899e-07,4.0,14.0,0.09375,0.020833333333333332,0.07291666666666666,0.3047619047619048,0.0002258762361838278,0.0011061088928429955,1.775805500502397e-05,0.0005253039918161641,1.7674381175201876e-05
22,22,client,137.9260770771529,34.91919261552697,317.36411158012265,2,5.0,三倉（大久保）_1,1,1.3864975770966348e-06,9.0,16.0,0.13020833333333331,0.046875,0.08333333333333333,0.43243243243243246,0.009663946774004952,0.0021467074211022046,0.0011130372773024,0.0005252347071487186,4.174212929277216e-05
23,23,client,137.91687634849472,34.90832195435664,293.9535585955816,2,4.0,三倉（田能）_1,1,4.6886478201335624e-07,3.0,15.0,0.09375,0.015625,0.078125,0.3033175355450237,0.0,0.0010388767582818403,1.3362663420775106e-05,0.0005253170702892176,1.2525970859346392e-05
24,24,client,137.95482590143448,34.85964050483587,204.94152174497896,1,4.0,大鳥居_1,1,1.3536790274527866e-05,46.0,92.0,0.71875,0.23958333333333331,0.47916666666666663,0.5680473372781065,0.0006023907844599145,0.0025812813694839586,0.021660515900501928,0.003965845583755836,0.00178843570248822
25,25,client,137.9428087101402,34.86000792331028,59.45855731453261,2,2.0,大鳥居_2,1,3.278941257738033e-05,56.0,83.0,0.7239583333333333,0.29166666666666663,0.43229166666666663,0.5853658536585366,0.0008432788838174374,0.0030897784060878487,0.027785159654144027,0.003537923629276073,0.0021936930298989714
26,26,client,137.94507187839824,34.85597674728397,54.71787589351873,2,2.0,大鳥居_3,1,2.3555478845055378e-05,74.0,100.0,0.90625,0.38541666666666663,0.5208333333333333,0.6193548387096774,0.0017431613305344791,0.0038990212269683602,0.040165688474706904,0.004317438158742456,0.0030091253493587065
27,27,client,137.92770049067283,34.87839261762617,174.77263740354834,2,1.0,葛布_1,1,1.7395506145129191e-06,16.0,85.0,0.5260416666666666,0.08333333333333333,0.4427083333333333,0.5217391304347826,0.000457400534676366,0.0013991563493773104,0.004020495527664969,0.003423864437694454,0.00047112598117821677
28,28,client,137.9222992517113,34.898388299219,451.0947501031643,2,3.0,西俣_1,1,4.40037166395818e-07,3.0,15.0,0.09375,0.015625,0.078125,0.3033175355450237,0.0,0.0010388767582818403,1.3362663420775106e-05,0.0005253170702892176,1.2525970859346343e-05
29,29,client,137.92685997908237,34.891680772754256,294.6695798450681,1,2.0,西俣_2,1,9.806786926897567e-07,7.0,58.0,0.33854166666666663,0.03645833333333333,0.3020833333333333,0.5092838196286472,4.990369874377178e-05,0.00107778811523077,0.0010273337031219186,0.0021987915855793,0.00015313254500164033
30,30,client,137.94120120023385,34.87079967173225,68.84508529038548,1,1.0,問詰（黒石）_1,1,2.3840383939432996e-05,29.0,58.0,0.453125,0.15104166666666666,0.3020833333333333,0.5408450704225352,0.0007758527770254064,0.002233973291883113,0.010372206854506122,0.0021927384628288946,0.001001373567364945
31,31,client,137.93882153322213,34.85757316889493,71.50606376233605,2,1.0,問詰（黒石）_2,1,1.9897294383442593e-05,76.0,103.0,0.9322916666666666,0.3958333333333333,0.5364583333333333,0.6233766233766234,0.0018426810093539734,0.0039596791052117315,0.041151078746784316,0.004467945623401959,0.003107876495178017
32,32,client,137.9522838509356,34.87218922806137,75.86197841621653,2,3.0,問詰（下問詰）_1,1,5.408387589250774e-06,24.0,83.0,0.5572916666666666,0.125,0.43229166666666663,0.5333333333333333,0.0007032787137957716,0.0017084512388110525,0.0077885855971187995,0.0033641813519129536,0.0007735114447155837
33,33,client,137.9593278625157,34.88265269062725,96.8067759714068,1,1.0,鍛冶島_1,1,1.7039106907593832e-06,15.0,74.0,0.46354166666666663,0.078125,0.38541666666666663,0.5203252032520326,0.010763862661170619,0.0014183046748402599,0.0032885982003489286,0.002883110429971014,0.00035255156379710307
34,34,client,137.94538497016225,34.85132228462618,69.89069095074596,2,2.0,城下（城下上）_1,1,2.1539542644509295e-05,97.0,113.0,1.09375,0.5052083333333333,0.5885416666666666,0.6689895470383276,0.00249351781495456,0.004861822626105317,0.056801620963639506,0.0050184573184949306,0.00415507747477584
35,35,client,137.93666319953647,34.85057707900391,104.99966727044183,1,1.0,城下（城下上）_2,1,2.899289017087043e-05,109.0,113.0,1.15625,0.5677083333333333,0.5885416666666666,0.6981818181818182,0.0007426672698054574,0.005319446925591956,0.06661104741740209,0.005109333460007517,0.004819413271966705
36,36,client,137.94733837414975,34.84804777248784,218.62019459833013,2,1.0,城下（城下上）_3,1,5.760951794017352e-06,54.0,121.0,0.9114583333333333,0.28125,0.6302083333333333,0.5818181818181818,0.0002924588210815072,0.002962425232161078,0.02895453441932798,0.005506818038449308,0.002209933932537335
37,37,client,137.9381618507887,34.84875715763712,49.6948256151443,1,2.0,城下（城下下）_1,1,3.1186401085675844e-05,109.0,116.0,1.171875,0.5677083333333333,0.6041666666666666,0.6981818181818182,0.000770015538208956,0.005320474330265614,0.06661104741740209,0.005258726789600592,0.004818225758889743
38,38,client,137.93850299792993,34.84765285073858,49.514438552763025,2,2.0,城下（城下下）_2,1,3.4627265674191596e-05,114.0,117.0,1.203125,0.59375,0.609375,0.7111111111111111,0.0008752279549494396,0.00548044909900194,0.06953660597106107,0.005307480715799537,0.005071512895006261
39,39,client,137.93559662292037,34.843276070630175,47.82656111469814,2,3.0,天宮（赤松）_1,1,4.817663985642526e-05,121.0,117.0,1.2395833333333333,0.6302083333333333,0.609375,0.7300380228136882,0.0007837359835323265,0.005677232003180068,0.07309281942285831,0.005346056322670765,0.005419368247927343
40,40,client,137.93404049906988,34.84293107101287,61.85992039945778,2,3.0,天宮（川向）_1,1,5.562981775662258e-05,122.0,117.0,1.2447916666666665,0.6354166666666666,0.609375,0.732824427480916,0.000808247437957482,0.005724556005280779,0.07386720149892408,0.00534571761048642,0.005466832933740505
41,41,client,137.93349660959095,34.84000166120748,44.96181338097965,1,5.0,天宮（本丁）_1,1,6.665675299171933e-05,139.0,119.0,1.34375,0.7239583333333333,0.6197916666666666,0.7836734693877551,0.0010218879981963639,0.006258700258240899,0.08277362614171306,0.005466895422611163,0.0062498827642016395
42,42,client,137.93107120456708,34.84074288192975,44.97728046261038,1,1.0,天宮（開運町）_1,1,7.39910570902386e-05,133.0,115.0,1.2916666666666665,0.6927083333333333,0.5989583333333333,0.7649402390438247,0.0007958929983153517,0.006093543410328779,0.08015053995478642,0.005288313754675697,0.005982547757620595
43,43,client,137.93053313041753,34.84077178935157,45.003058602965034,1,3.0,天宮（開運町）_2,1,7.391034890843161e-05,133.0,115.0,1.2916666666666665,0.6927083333333333,0.5989583333333333,0.7649402390438247,0.0007958929983153517,0.006093543410328779,0.08015053995478642,0.005288313754675697,0.005982547757620595
44,44,client,137.93076091343616,34.84143569599957,45.42093816223059,2,4.0,天宮（開運町）_3,1,6.945418737018538e-05,126.0,115.0,1.2552083333333333,0.65625,0.5989583333333333,0.7441860465116279,0.0006638261996300046,0.005854406734763553,0.07613836216772658,0.005290639056047922,0.005656696772169099
45,45,client,137.92883928840908,34.8426687844917,61.369276513910634,2,2.0,天宮（開運町）_4,1,5.5267723665580054e-05,121.0,112.0,1.2135416666666665,0.6302083333333333,0.5833333333333333,0.7300380228136882,0.0005491507544795967,0.005675404454830934,0.07309281942285831,0.005144103850453857,0.00542097354852768
46,46,client,137.93290878817078,34.84266118672836,51.00922329554909,1,1.0,天宮（川久保）_1,1,5.9908315936692616e-05,121.0,112.0,1.2135416666666665,0.6302083333333333,0.5833333333333333,0.7300380228136882,0.0005491507544795967,0.005675404454830934,0.07309281942285831,0.005144103850453857,0.005420973548527677
47,47,client,137.9322335599845,34.842009665127485,47.4668258424072,1,1.0,天宮（川久保）_2,1,6.79688398509612e-05,122.0,115.0,1.234375,0.6354166666666666,0.5989583333333333,0.732824427480916,0.0005943462513596788,0.005723837980104305,0.07386720149892408,0.005291990893546744,0.005467260002198791
48,48,client,137.92804028565595,34.84668531568243,56.09296874056499,1,5.0,天宮（川久保）_3,1,4.45276195718252e-05,117.0,111.0,1.1875,0.609375,0.578125,0.7191011235955056,0.0004939370256206485,0.005531599476066114,0.0704223905456705,0.0050938075985373955,0.005220210655489761
49,49,client,137.93180316448488,34.844807337425806,49.38212338012874,1,3.0,天宮（川久保）_4,1,5.639576945543935e-05,120.0,111.0,1.203125,0.625,0.578125,0.7272727272727273,0.0005285997815006983,0.00564276826695845,0.07248241437749713,0.005092733197595302,0.005370769464740411
50,50,client,137.92895319035048,34.843635822736815,55.58203316481721,1,3.0,天宮（川久保）_5,1,5.526772366558699e-05,121.0,112.0,1.2135416666666665,0.6302083333333333,0.5833333333333333,0.7300380228136882,0.0005491507544795967,0.005675404454830934,0.07309281942285831,0.005144103850453857,0.00542097354852768
51,51,client,137.93303109658888,34.85422789603914,150.34400489116433,2,5.0,天宮（大上）_1,1,1.5478290142527384e-05,83.0,109.0,1.0,0.43229166666666663,0.5677083333333333,0.6378737541528239,0.0013378563827717497,0.004239948693614951,0.04566288690097872,0.00478322752288723,0.0034498899295388593
52,52,client,137.93020126275837,34.839220592648125,43.72144426669402,2,5.0,天宮（明治町）_1,1,8.278767337337525e-05,135.0,116.0,1.3072916666666665,0.703125,0.6041666666666666,0.7710843373493976,0.0008573149015380964,0.0061488404899584514,0.08104212156976556,0.005334250427212518,0.006072387833707323
53,53,client,137.9288308264736,34.83959145417262,71.77438499700327,2,3.0,森（明治町）_1,1,7.414586379519798e-05,132.0,115.0,1.2864583333333333,0.6875,0.5989583333333333,0.7619047619047619,0.000681336338893279,0.0059617928370288365,0.07936752065259489,0.005322250184762372,0.005965579671952015
54,54,client,137.9324608146298,34.83740568943981,40.240233972261144,1,1.0,森（新町）_1,1,7.128540025051061e-05,140.0,120.0,1.3541666666666665,0.7291666666666666,0.625,0.7868852459016393,0.001077425860863985,0.00629230672700636,0.08331639745247106,0.005509518045494001,0.006293608256804708
55,55,client,137.93150950230378,34.83922428448648,43.331876788013226,1,1.0,森（新町）_2,1,7.698079496971932e-05,138.0,116.0,1.3229166666666665,0.71875,0.6041666666666666,0.7804878048780488,0.000931766025846699,0.006228962342250706,0.08231531145474512,0.005333292255030571,0.006206659181692166
56,56,client,137.93027978096157,34.83777570459424,42.7434766444283,2,3.0,森（仲横町）_1,1,8.718905567933061e-05,140.0,117.0,1.3385416666666665,0.7291666666666666,0.609375,0.7868852459016393,0.000918988913770351,0.006291172101852302,0.08331639745247106,0.005409574792896949,0.006294402696019205
57,57,client,137.93062390874132,34.8381820290839,42.581887802195155,2,2.0,森（仲横町）_2,1,8.557898417560841e-05,140.0,115.0,1.328125,0.7291666666666666,0.5989583333333333,0.7868852459016393,0.0008777664112013099,0.006290383038690144,0.08331639745247106,0.005319898587860899,0.006295115523469152
58,58,client,137.92862686167507,34.83441388942521,42.437737673779566,1,1.0,森（本町）_1,1,8.63828360208544e-05,147.0,122.0,1.4010416666666665,0.765625,0.6354166666666666,0.810126582278481,0.0011809425465397682,0.006420362290038601,0.08681634281669898,0.00564504167259164,0.006642997142532627
59,59,client,137.93102816264067,34.836273151312895,41.324717986020914,2,4.0,森（本町）_2,1,8.213964178405489e-05,141.0,120.0,1.359375,0.734375,0.625,0.7901234567901234,0.001021283897177328,0.006322660642445726,0.0838083676624011,0.005539654694464802,0.006336668604867024
60,60,client,137.92839308964403,34.83616949967864,43.77745118134569,1,4.0,森（本町）_3,1,9.628658474336062e-05,144.0,118.0,1.3645833333333333,0.75,0.6145833333333333,0.8,0.0009130236130259671,0.006309042670172315,0.08526198985746396,0.005506888700898391,0.006524631971514732
61,61,client,137.93170748769458,34.83609331723569,40.551501045603544,2,4.0,森（川原町）_1,1,7.680441447827091e-05,142.0,122.0,1.375,0.7395833333333333,0.6354166666666666,0.7933884297520661,0.0011169571830395863,0.0063575470703834056,0.08431897375251711,0.005622439098137086,0.006376563897289066
62,62,client,137.9273919519972,34.830882965298656,37.346346011026434,2,2.0,森（下宿）_1,1,6.969632083197834e-05,173.0,130.0,1.578125,0.9010416666666666,0.6770833333333333,0.909952606635071,0.0023406389613708166,0.007137777485927203,0.09597179244123408,0.005968340563319691,0.007630570316592123
63,63,client,137.92993621711494,34.83453006182974,42.191432807825734,2,4.0,森（下宿）_2,1,8.209046173139785e-05,147.0,123.0,1.40625,0.765625,0.640625,0.810126582278481,0.0012940618232799308,0.006420723461773517,0.08681634281669898,0.005660696947567582,0.006642872700271328
64,64,client,137.9267134429846,34.83452089049222,42.177827549168526,2,2.0,森（栄町上）_1,1,8.581729430760104e-05,149.0,117.0,1.3854166666666665,0.7760416666666666,0.609375,0.8170212765957446,0.0009786954112535988,0.006510626442882594,0.08809547128547199,0.0055038411740707775,0.006720357661697892
65,65,client,137.92736417264572,34.83391928646892,41.409250228589286,1,4.0,森（栄町上）_2,1,8.046221631458073e-05,158.0,122.0,1.4583333333333333,0.8229166666666666,0.6354166666666666,0.8495575221238938,0.0014836831546323724,0.006793987568275052,0.09189303127037475,0.005678168475961619,0.007062829849405149
66,66,client,137.9276407765182,34.83277556173931,40.207126871013415,1,3.0,森（栄町上）_3,1,7.307529314956249e-05,166.0,126.0,1.5208333333333333,0.8645833333333333,0.65625,0.8807339449541285,0.0019150792625810063,0.006992038895111964,0.09433220736025223,0.005825708537604829,0.007365952572606043
67,67,client,137.92321675032167,34.8325301712221,39.30002847129046,2,2.0,森（栄町中）_1,1,6.985617690256733e-05,177.0,129.0,1.59375,0.921875,0.671875,0.927536231884058,0.0022514477575470257,0.007254405072075713,0.09735090219637675,0.005951248071961511,0.007776961915886264
68,68,client,137.92058681399388,34.82974711363204,40.81716180353651,1,5.0,森（栄町中）_2,1,5.7931439017523505e-05,174.0,139.0,1.6302083333333333,0.90625,0.7239583333333333,0.9142857142857143,0.0025302299949512704,0.007130936162735433,0.0964748274379621,0.006286168709392726,0.007694181183371042
69,69,client,137.9182206014853,34.828460066195255,39.2,2,4.0,森（栄町中）_3,1,5.544778786154177e-05,173.0,143.0,1.6458333333333333,0.9010416666666666,0.7447916666666666,0.909952606635071,0.0027297386413688575,0.0071006823958097,0.09625587722537002,0.006403548425255009,0.007665125531860823
70,70,client,137.92598759289692,34.83298175582715,40.385380606301666,1,5.0,森（栄町中）_4,1,7.31221668300603e-05,176.0,127.0,1.578125,0.9166666666666666,0.6614583333333333,0.9230769230769231,0.002426286612273694,0.0072382387603662675,0.09710695714548882,0.005842240072739281,0.0077328862936586334
71,71,client,137.9227667090185,34.83079702858563,39.001343483581394,1,3.0,森（栄町中）_5,1,6.273913555343178e-05,177.0,137.0,1.6354166666666665,0.921875,0.7135416666666666,0.927536231884058,0.002596572071055138,0.007257178977265395,0.09735090219637675,0.006225937326293233,0.0077747784376646575
72,72,client,137.9229099409939,34.83136085509607,39.08425399170545,1,2.0,森（栄町中）_6,1,6.256478874823554e-05,177.0,136.0,1.6302083333333333,0.921875,0.7083333333333333,0.927536231884058,0.0025424842767194935,0.007256849975101161,0.09735090219637675,0.0061928563027560685,0.007775041395509943
73,73,client,137.92277945805418,34.83127189798573,39.1,2,5.0,森（栄町中）_7,1,6.256478874822296e-05,177.0,136.0,1.6302083333333333,0.921875,0.7083333333333333,0.927536231884058,0.0025424842767194935,0.007256849975101161,0.09735090219637675,0.0061928563027560685,0.007775041395509942
74,74,client,137.92188654495476,34.83001377350401,39.49718557816959,2,1.0,森（栄町中）_8,1,5.888340577867891e-05,174.0,139.0,1.6302083333333333,0.90625,0.7239583333333333,0.9142857142857143,0.0025302299949512704,0.007130936162735433,0.0964748274379621,0.006286168709392726,0.007694181183371043
75,75,client,137.92038897013745,34.82196146411508,33.475028867303806,2,2.0,森（南町）_1,1,4.5390071487697026e-05,170.0,154.0,1.6875,0.8854166666666666,0.8020833333333333,0.897196261682243,0.003667846937354404,0.007037557125511933,0.09574989660864644,0.006680392147727348,0.007562849473726117
76,76,client,137.9254863768331,34.83186167263719,39.38467652745025,1,3.0,森（南町）_2,1,6.249547332825602e-05,177.0,133.0,1.6145833333333333,0.921875,0.6927083333333333,0.927536231884058,0.0026175849674142117,0.0072558334726800225,0.09735090219637675,0.006075839291388296,0.007775971552375744
77,77,client,137.922225158383,34.82686797335146,37.183061254652515,2,4.0,森（南町）_3,1,5.880631242196829e-05,173.0,141.0,1.6354166666666665,0.9010416666666666,0.734375,0.909952606635071,0.002566942609235234,0.007100087351342592,0.09625587722537002,0.006351321714751475,0.00766554067691354
78,78,client,137.92474919488518,34.82899672399569,37.22591775409266,2,5.0,森（南町）_4,1,6.103085805164721e-05,176.0,134.0,1.6145833333333333,0.9166666666666666,0.6979166666666666,0.9230769230769231,0.002285866380178628,0.007242265530427849,0.09731922068687807,0.006158010207698826,0.007748102417639231
79,79,client,137.92255238479564,34.825637466453784,35.881176326476016,2,1.0,森（南町）_5,1,5.329224208494316e-05,173.0,143.0,1.6458333333333333,0.9010416666666666,0.7447916666666666,0.909952606635071,0.0026867413602301693,0.0071006823958097,0.09625587722537002,0.006416624929720225,0.007665021587996021
80,80,client,137.92562600382752,34.83089904805311,38.21836690841951,2,4.0,森（南町）_6,1,6.336340171532104e-05,177.0,134.0,1.6197916666666665,0.921875,0.6979166666666666,0.927536231884058,0.002433768126122407,0.007256177332174282,0.09735090219637675,0.00613992616333109,0.007775462132050883
81,81,client,137.9234053808964,34.82861005185711,37.87098898438235,1,1.0,森（南町）_7,1,5.64446780076059e-05,174.0,137.0,1.6197916666666665,0.90625,0.7135416666666666,0.9142857142857143,0.0023898869095153974,0.00713030354495801,0.0964748274379621,0.006232682006963049,0.007694606343977291
82,82,client,137.92319320901274,34.84128620566693,103.82718008494363,1,4.0,森（大門）_1,1,6.395180010368082e-05,127.0,114.0,1.2552083333333333,0.6614583333333333,0.59375,0.7470817120622568,0.000508171795918658,0.005793701120300467,0.07732027609632397,0.005334769848050779,0.005792752666027089
83,83,client,137.92560745455145,34.83826404887572,48.97337928758086,2,5.0,森（大門）_2,1,8.60586310770968e-05,139.0,114.0,1.3177083333333333,0.7239583333333333,0.59375,0.7836734693877551,0.0007267544462339612,0.006170452022311125,0.08339344714153452,0.0053309504457252285,0.006327976197257287
84,84,client,137.92386165203425,34.84250602531807,96.72730800603776,1,1.0,森（大門）_3,1,2.511926854723706e-05,108.0,112.0,1.1458333333333333,0.5625,0.5833333333333333,0.6956521739130435,0.0005423636249871567,0.0052485822874680154,0.06516636002837276,0.005104206900842195,0.0047643009027211365
85,85,client,137.9152603938455,34.831555795305,58.08447611319197,1,1.0,森（大門）_4,1,3.28010139600092e-05,169.0,150.0,1.6614583333333333,0.8802083333333333,0.78125,0.8930232558139535,0.0032921039471844778,0.007004026057331003,0.09542561907134503,0.006569586375318317,0.0075282149919504455
86,86,client,137.92543048561146,34.83802376314874,46.935659572426154,2,5.0,森（大門）_5,1,8.870624611829851e-05,139.0,114.0,1.3177083333333333,0.7239583333333333,0.59375,0.7836734693877551,0.0007267544462339612,0.006170452022311125,0.08339344714153452,0.0053309504457252285,0.0063279761972572885
87,87,client,137.9128726282366,34.83584503119293,117.7207702809655,2,1.0,森（大門）_6,1,2.629996476469741e-05,160.0,148.0,1.6041666666666665,0.8333333333333333,0.7708333333333333,0.8571428571428571,0.0029721639926824045,0.00674104100864044,0.09165143902175096,0.006514010799524255,0.007159799496903264
88,88,client,137.91863813361425,34.83973671453486,113.31096552310086,2,3.0,森（大門）_7,1,2.9902355405959924e-05,131.0,136.0,1.390625,0.6822916666666666,0.7083333333333333,0.758893280632411,0.0015418656989379049,0.00583539943932872,0.07828270269367163,0.006136338085672405,0.005948856276438278
89,89,client,137.92059070731003,34.84263523121954,118.3091255834304,1,5.0,森（大門）_8,1,2.1086913573675065e-05,128.0,136.0,1.375,0.6666666666666666,0.7083333333333333,0.75,0.0016359149269705294,0.0057016077986355804,0.07541090512888973,0.00611669822337517,0.00577026321121086
90,90,client,137.92023785596206,34.83550960420489,88.0239642725581,1,4.0,森（大門）_9,1,4.838406761746919e-05,173.0,135.0,1.6041666666666665,0.9010416666666666,0.703125,0.909952606635071,0.002337965100636819,0.007098197093990629,0.09625587722537002,0.0061500862700623864,0.007667140277931652
91,91,client,137.91876266423736,34.83851581555108,100.51126660640725,2,2.0,森（大門）_10,1,3.0565875622716454e-05,134.0,136.0,1.40625,0.6979166666666666,0.7083333333333333,0.768,0.0016048099780214238,0.005929429413415868,0.07979055170609317,0.006135394300822945,0.0060811114872784955
92,92,client,137.9242353619835,34.83988991417902,61.12375154497065,2,5.0,森（大門）_11,1,7.110663452729836e-05,132.0,114.0,1.28125,0.6875,0.59375,0.7619047619047619,0.0005932339335879384,0.005976770510282764,0.08031243371752585,0.005333162825155626,0.006017949279371056
93,93,client,137.92083223524847,34.82615561028936,36.9495316532372,1,1.0,森（促進住宅森）_1,1,5.4985648828356076e-05,173.0,142.0,1.640625,0.9010416666666666,0.7395833333333333,0.909952606635071,0.0025989866847271467,0.007100386956338901,0.09625587722537002,0.006391422940059892,0.007665221916165749
94,94,client,137.93617730376266,34.838849969315014,44.473762358817616,1,2.0,向天方（向天方下）_1,1,4.529443214299194e-05,134.0,122.0,1.3333333333333333,0.6979166666666666,0.6354166666666666,0.768,0.000991773527614229,0.006107904614558536,0.08020362027942611,0.005594541777815662,0.006019700161904269
95,95,client,137.93450510234652,34.83878907113176,43.9971248011835,1,4.0,向天方（向天方下）_2,1,5.947950531494297e-05,137.0,122.0,1.3489583333333333,0.7135416666666666,0.6354166666666666,0.7773279352226721,0.0010554364813655502,0.006199106021105468,0.08177479700727872,0.005593545221794004,0.006159350344712241
96,96,client,137.95548939281971,34.84778743889549,224.30446040650455,1,3.0,向天方（向天方上）_1,1,6.000357174110529e-06,56.0,124.0,0.9375,0.29166666666666663,0.6458333333333333,0.5853658536585366,0.00028890596463971506,0.003113878282273628,0.03297411004819931,0.0056330559643642105,0.002397484483892323
97,97,client,137.94108652075167,34.846486421373136,49.110345214078464,1,5.0,向天方（向天方上）_2,1,2.6213956623467698e-05,111.0,120.0,1.203125,0.578125,0.625,0.7032967032967034,0.0008710154752231282,0.005399736212035225,0.06803266316462785,0.005444566075111741,0.004916922823600228
98,98,client,137.94100635954854,34.83810232173671,70.45822786243089,2,5.0,向天方（向天方上）_3,1,2.726849123533149e-05,115.0,124.0,1.2447916666666665,0.5989583333333333,0.6458333333333333,0.7137546468401487,0.0010713773373097928,0.005550302733438169,0.07084990179762445,0.0056136345956639385,0.0051190552038827474
99,99,client,137.94463537144344,34.84126530589282,58.73732058454443,2,5.0,向天方（向天方上）_4,1,1.6771656341955238e-05,107.0,124.0,1.203125,0.5572916666666666,0.6458333333333333,0.6931407942238267,0.0009159753800391336,0.005247092613327496,0.06510989289469805,0.005616559967789039,0.004709114625357085
100,100,client,137.91721867364384,34.85303636314501,88.76483894870526,2,1.0,橘_1,1,8.704005372081255e-06,81.0,126.0,1.078125,0.421875,0.65625,0.6336633663366337,0.0032202497991361896,0.004016266570649235,0.044737627382340876,0.0054690962193219865,0.0034613365403101033
101,101,client,137.92307952406298,34.87739435137089,258.6191498856225,2,4.0,薄場_1,1,1.4885656505168876e-06,11.0,102.0,0.5885416666666666,0.057291666666666664,0.53125,0.514745308310992,0.0002933270971386724,0.001137620280010422,0.002383494991095299,0.004306561044692266,0.0003305137508477759
102,102,client,137.88310699203035,34.81469978190435,27.4841357369095,2,2.0,一宮（米倉）_1,1,1.2945353991913357e-05,66.0,117.0,0.953125,0.34375,0.609375,0.5853658536585366,0.00041407406613008427,0.0026764623387964637,0.028320880563206387,0.0048664979655247045,0.0028021237600535944
103,103,client,137.87425303768495,34.825690193844565,75.10127243044839,2,1.0,一宮（米倉）_2,1,4.392261304714609e-06,33.0,107.0,0.7291666666666666,0.171875,0.5572916666666666,0.5318559556786704,0.00016514490477690549,0.0015958904841172961,0.0110794628674324,0.004404376622926234,0.001354918757566926
104,104,client,137.8776096684036,34.83828582052111,128.70306103752293,1,4.0,一宮（大久保）_1,1,2.798672396428503e-06,20.0,103.0,0.640625,0.10416666666666666,0.5364583333333333,0.5133689839572193,4.9052563683049047e-05,0.0012439627558300686,0.006333345333740348,0.00425978587174376,0.0008391021763671684
105,105,client,137.88249862683216,34.82323747441507,30.223368536947415,1,2.0,一宮（大久保）_2,1,1.765039803375279e-05,64.0,104.0,0.875,0.3333333333333333,0.5416666666666666,0.5818181818181818,0.0004641415280318307,0.0026382706470963204,0.027909488398520827,0.004277201145614188,0.002724966550791098
106,106,client,137.8832701726642,34.85158062517156,185.77858726533935,1,5.0,一宮（片瀬）_1,1,1.6492756298239208e-06,15.0,146.0,0.8385416666666666,0.078125,0.7604166666666666,0.5065963060686016,0.0002510850750319444,0.0011456452923395818,0.005339159016996498,0.006227397938630828,0.000655387841683115
107,107,client,137.8831563270977,34.84788813474622,180.8089667481197,2,4.0,一宮（片瀬）_2,1,2.7095167410354226e-06,22.0,134.0,0.8125,0.11458333333333333,0.6979166666666666,0.5161290322580645,0.0003499200425303108,0.0013213075462946474,0.007779958363832927,0.005687087401445151,0.0009378217961014453
108,108,client,137.89130906066262,34.83011101285333,67.63174121672216,2,5.0,一宮（片瀬）_3,1,2.396203422076748e-05,75.0,100.0,0.9114583333333333,0.390625,0.5208333333333333,0.6018808777429467,0.0006144136844716374,0.0030231825869215865,0.034701177275484274,0.004187059827931677,0.00326521561276592
109,109,client,137.88490235659685,34.816288509296406,29.030321036529063,2,3.0,一宮（赤根）_1,1,1.742232614497692e-05,73.0,117.0,0.9895833333333333,0.3802083333333333,0.609375,0.5981308411214953,0.0004927528407862757,0.002913888356192619,0.0326172640225032,0.0048640359339674165,0.0031471351287895174
110,110,client,137.88831471551535,34.818438674214185,30.0,2,5.0,一宮（赤根）_2,1,2.8858460065910377e-05,91.0,117.0,1.0833333333333333,0.4739583333333333,0.609375,0.6552901023890785,0.0009124675996700882,0.0036428543787336196,0.045209346399225664,0.0048577109022189344,0.004033479519617084
111,111,client,137.8908490560204,34.816186980813775,49.62468619071078,2,3.0,一宮（赤根）_3,1,2.34140261503998e-05,87.0,117.0,1.0625,0.453125,0.609375,0.6464646464646465,0.000821727614700274,0.003471887933083992,0.04217174729879645,0.004859148387868831,0.0038320406346683275
112,112,client,137.89458940627262,34.82181481740523,35.21515754076533,2,3.0,一宮（谷崎）_1,1,3.5204135167355224e-05,109.0,123.0,1.2083333333333333,0.5677083333333333,0.640625,0.6981818181818182,0.0015963050189595745,0.004385914882937982,0.05810828194249889,0.005189998830890207,0.004920827119690593
113,113,client,137.8982885731684,34.8234316546294,38.83352952739157,2,3.0,一宮（谷崎）_2,1,3.1343824297576026e-05,120.0,142.0,1.3645833333333333,0.625,0.7395833333333333,0.7272727272727273,0.0023469139486277015,0.004855616095528002,0.06586979870552868,0.0060282204465795935,0.005440930804892633
114,114,client,137.8978027387258,34.821841627033486,49.512775395793255,2,3.0,一宮（谷崎）_3,1,3.6879931650090486e-05,115.0,129.0,1.2708333333333333,0.5989583333333333,0.671875,0.7137546468401487,0.0016056093624058547,0.0046402239838459714,0.06242824406423105,0.005447280169556577,0.005210680844970824
115,115,client,137.89994506577338,34.846984575405344,64.31800779824125,1,5.0,一宮（宮代西）_1,1,6.283417151489723e-06,51.0,150.0,1.046875,0.265625,0.78125,0.5597667638483965,0.0014323595442112698,0.0025004578981736377,0.02769181252620209,0.006433823420768583,0.0023280709092450384
116,116,client,137.89405617980574,34.86134937021845,169.8923780087884,2,2.0,一宮（宮代西）_2,1,7.318772594772094e-07,9.0,152.0,0.8385416666666666,0.046875,0.7916666666666666,0.4987012987012987,0.00033934352785375206,0.0009503599969838323,0.0025038471376257975,0.006378692177068441,0.0004065282147576013
117,117,client,137.90698280892116,34.83573841259926,53.48637554300173,2,3.0,一宮（宮代東）_1,1,1.9656084030341553e-05,153.0,155.0,1.6041666666666665,0.796875,0.8072916666666666,0.8311688311688312,0.00634041089221973,0.00647929819821154,0.08712953238263449,0.006622034733275382,0.006811788486561075
118,118,client,137.90437653249,34.838629334622524,71.67919935037284,1,3.0,一宮（宮代東）_2,1,9.251381971057265e-06,77.0,152.0,1.1927083333333333,0.40104166666666663,0.7916666666666666,0.6254071661237784,0.001949211549450051,0.003328726318912749,0.04070003738780157,0.00642020874872223,0.003446927712223731
119,119,client,137.90085078584636,34.82625414760273,39.132931321541975,1,4.0,一宮（宮代東）_3,1,2.1715737821849032e-05,117.0,151.0,1.3958333333333333,0.609375,0.7864583333333333,0.7191011235955056,0.0024829240199085376,0.004744565444598456,0.06392096807164328,0.006385732976665362,0.005292323990915621
120,120,client,137.91643921981682,34.82911620394498,49.60675782463842,2,3.0,草ケ谷（西幸町）_1,1,4.730927458643751e-05,172.0,145.0,1.6510416666666665,0.8958333333333333,0.7552083333333333,0.9056603773584906,0.0028479053196274495,0.007077545606735549,0.09608519068831001,0.006455165103506891,0.007633191114271206
121,121,client,137.91746104998407,34.827778534472635,39.59009866237571,1,3.0,草ケ谷（西幸町）_2,1,5.617868688899581e-05,172.0,144.0,1.6458333333333333,0.8958333333333333,0.75,0.9056603773584906,0.0027710238935144808,0.007077259202061079,0.09608519068831001,0.0064304632994785825,0.007633387466513891
122,122,client,137.91592032483706,34.828008981223476,49.592899733004174,1,1.0,草ケ谷（西幸町）_3,1,4.8356104748234225e-05,172.0,146.0,1.65625,0.8958333333333333,0.7604166666666666,0.9056603773584906,0.0029858668434782337,0.007077828110762038,0.09608519068831001,0.006479179286457074,0.007633000227861727
123,123,client,137.91606600266203,34.82063287931997,34.8,2,1.0,草ケ谷（草ケ谷）_1,1,3.911903620289886e-05,168.0,155.0,1.6822916666666665,0.875,0.8072916666666666,0.8888888888888888,0.003954911255003746,0.006972407680344972,0.09506578665621024,0.006669556263646619,0.00748939892968721
124,124,client,137.9092622387926,34.83221120854457,108.55224199675372,2,2.0,草ケ谷（草ケ谷）_2,1,2.5290797183001763e-05,170.0,152.0,1.6770833333333333,0.8854166666666666,0.7916666666666666,0.897196261682243,0.006527721157960337,0.007013975877527745,0.09544440091374237,0.006552607979954537,0.007562582387320805
125,125,client,137.91219557223363,34.824253053913324,44.506540962447275,1,4.0,草ケ谷（草ケ谷）_3,1,3.858834133603538e-05,169.0,156.0,1.6927083333333333,0.8802083333333333,0.8125,0.8930232558139535,0.004008705033225375,0.007005544169938793,0.09542561907134503,0.006699175638058226,0.007527184899478737
126,126,client,137.91584592605142,34.82960851033775,56.12592479029544,1,3.0,草ケ谷（草ケ谷）_4,1,4.612330419255604e-05,172.0,145.0,1.6510416666666665,0.8958333333333333,0.7552083333333333,0.9056603773584906,0.0028479053196274495,0.007077545606735549,0.09608519068831001,0.006455165103506891,0.007633191114271206
127,127,client,137.91462059005687,34.82909900951465,44.54804371013536,1,4.0,草ケ谷（草ケ谷）_5,1,3.8151271628114256e-05,169.0,150.0,1.6614583333333333,0.8802083333333333,0.78125,0.8930232558139535,0.0032921039471844778,0.007004026057331003,0.09542561907134503,0.006569586375318317,0.007528214991950443
128,128,client,137.9137998433297,34.81533093445248,32.13091603875587,1,3.0,円田_1,1,4.010472170404441e-05,138.0,148.0,1.4895833333333333,0.71875,0.7708333333333333,0.7804878048780488,0.002398177871226954,0.0056593586220005905,0.07745762385079297,0.006367221300456091,0.006236918875781388
129,129,client,137.90481176521166,34.81941838616678,35.614396321879994,1,3.0,円田_2,1,4.715923332084329e-05,134.0,138.0,1.4166666666666665,0.6979166666666666,0.71875,0.768,0.002041414436533462,0.005517289247117742,0.07534676745925553,0.005967985931598993,0.006054628966842719
130,130,client,137.91648679230246,34.81606994977195,32.17298731285384,1,3.0,円田_3,1,3.7801253683237244e-05,162.0,152.0,1.6354166666666665,0.84375,0.7916666666666666,0.8648648648648649,0.003507526203109997,0.006701263811453121,0.09167058686697606,0.006534017701425291,0.0072489173590612145
131,131,client,137.91277207681807,34.81703091139669,32.8,1,4.0,円田_4,1,3.999016182950135e-05,158.0,149.0,1.5989583333333333,0.8229166666666666,0.7760416666666666,0.8495575221238938,0.0031888538947425953,0.006533251871925199,0.08941769711974175,0.006425212533090296,0.007085311185264069
132,132,client,137.90698540131257,34.813418359832724,30.079891835485153,1,2.0,円田_5,1,5.046034415815727e-05,124.0,128.0,1.3125,0.6458333333333333,0.6666666666666666,0.7384615384615385,0.0012480895998816955,0.005041498844690088,0.0688748576268307,0.005543443670505737,0.005627488255714813
133,133,client,137.9111764121118,34.821287848219484,33.60485680110724,2,2.0,円田_6,1,4.36683918406712e-05,166.0,153.0,1.6614583333333333,0.8645833333333333,0.796875,0.8807339449541285,0.003854982042404042,0.006866023947955991,0.09383515726056375,0.006549474721872429,0.007410952757810214
134,134,client,137.90454464115152,34.8133609717748,29.895521408701462,2,1.0,円田_7,1,5.611731786133063e-05,118.0,118.0,1.2291666666666665,0.6145833333333333,0.6145833333333333,0.7218045112781954,0.0008689891476471058,0.004775849357849855,0.06479310422285779,0.005101752771814388,0.005359686681397413
135,135,client,137.89419489398173,34.81334849883494,94.72232504250115,1,5.0,谷中_1,1,2.9283261693440095e-05,103.0,121.0,1.1666666666666665,0.5364583333333333,0.6302083333333333,0.6832740213523132,0.001182538417919079,0.004126776988034192,0.05391344464853379,0.005045935568392129,0.004635473402218909
136,136,client,137.89637665527854,34.81108216445097,82.39293094691364,1,2.0,谷中_2,1,3.8886125786142915e-05,105.0,110.0,1.1197916666666665,0.546875,0.5729166666666666,0.6881720430107527,0.0005893320144963407,0.004233381071926811,0.05580308990765428,0.004686695090058308,0.0047382590163046944
137,137,client,137.90141236467443,34.80978941492182,27.02084852133994,1,5.0,谷中_3,1,5.259605689249096e-05,113.0,113.0,1.1770833333333333,0.5885416666666666,0.5885416666666666,0.7084870848708487,0.0008004124395345203,0.004571902930147796,0.06147249369526191,0.0048325935848745494,0.005124474934013233
138,138,client,137.8998557502976,34.80927038941748,28.41558529793615,2,4.0,谷中_4,1,4.5084374344733086e-05,107.0,112.0,1.140625,0.5572916666666666,0.5833333333333333,0.6931407942238267,0.0006416112136592698,0.0043235041414979615,0.05732634945947133,0.004784901408483058,0.004835497675678994
139,139,client,137.90308596131771,34.81040706175088,27.3,2,3.0,谷中_5,1,5.651817497225129e-05,117.0,114.0,1.203125,0.609375,0.59375,0.7191011235955056,0.000926689129633836,0.004727833955042966,0.06404972856153038,0.004879189991354725,0.005315147819609888
140,140,client,137.89954847450116,34.814024302939124,35.631296306710155,2,2.0,谷中_6,1,5.184754973417034e-05,112.0,111.0,1.1614583333333333,0.5833333333333333,0.578125,0.7058823529411765,0.0008872559431277354,0.004524995474057167,0.060700615054514746,0.004693939554393523,0.005077990722896225
141,141,client,137.89931982670424,34.798114588043596,22.094260393720976,1,4.0,中川（中川上）_1,1,1.460852545324227e-05,80.0,111.0,0.9947916666666666,0.41666666666666663,0.578125,0.6134185303514377,0.0002074445009243057,0.0032432078291199915,0.03827666600617178,0.004764452973243067,0.003470786567613487
142,142,client,137.8942459154315,34.80107387539114,27.359201734123506,1,4.0,中川（中川上）_2,1,1.4408077802561745e-05,77.0,112.0,0.984375,0.40104166666666663,0.5833333333333333,0.6075949367088608,0.00023550712806854,0.0031019092982563796,0.03560719359294688,0.004752200495924199,0.003316319693805866
143,143,client,137.89089709980172,34.812176950673305,84.61424210074166,1,3.0,中川（中川上）_3,1,2.002454411196425e-05,91.0,121.0,1.1041666666666665,0.4739583333333333,0.6302083333333333,0.6552901023890785,0.000920552009741134,0.00363619278931311,0.04506003819498345,0.005050267230678126,0.004028465449875687
144,144,client,137.8940104837901,34.80367860888303,32.50705869516758,2,1.0,中川（中川上）_4,1,1.7239075605763026e-05,82.0,113.0,1.015625,0.4270833333333333,0.5885416666666666,0.617363344051447,0.0002860014791836844,0.003260360886511658,0.03856967390960142,0.004802913007606242,0.003575786155106563
145,145,client,137.89622141401787,34.804579568116274,39.54735190242406,1,5.0,中川（中川上）_5,1,2.5180236967021173e-05,95.0,113.0,1.0833333333333333,0.49479166666666663,0.5885416666666666,0.6643598615916955,0.0005010491337327983,0.003798765143494353,0.04826702081840972,0.004798160128423484,0.004241820409389873
146,146,client,137.89510453942546,34.79651799458391,20.2,2,3.0,中川（中川上）_6,1,1.1372917783171455e-05,74.0,113.0,0.9739583333333333,0.38541666666666663,0.5885416666666666,0.6018808777429467,0.00022133296537243287,0.0030107730017894857,0.03387737499143038,0.004799476613367303,0.0031585193055470185
147,147,client,137.8985939403369,34.803562671690635,24.889734428928392,2,1.0,中川（中川上）_7,1,2.543794570078776e-05,96.0,112.0,1.0833333333333333,0.5,0.5833333333333333,0.6666666666666666,0.0004266946338571255,0.0038409882112953094,0.0490255579714812,0.004788130466909176,0.004292386174053069
148,148,client,137.89441930571633,34.80820091046178,50.20460138504244,1,3.0,中川（中川上）_8,1,2.209017494160439e-05,89.0,114.0,1.0572916666666665,0.46354166666666663,0.59375,0.631578947368421,0.0005309848972037999,0.0035395112031608392,0.04373850735529265,0.004797161375998,0.003936039471449306
149,149,client,137.89844180326003,34.80025384095484,24.677478226451417,2,2.0,中川（中川上）_9,1,1.820757651514e-05,84.0,112.0,1.0208333333333333,0.4375,0.5833333333333333,0.6213592233009708,0.0002517115772575072,0.0033983564229491197,0.041224464288622094,0.004787563402732996,0.0036791851526231144
150,150,client,137.8915854040738,34.79547782448183,20.295023752623592,2,1.0,中川（中川下）_1,1,8.366858144158267e-06,69.0,113.0,0.9479166666666666,0.359375,0.5885416666666666,0.5925925925925926,0.0001834630494569495,0.0028491455775539075,0.03092408475748717,0.004801293313340635,0.00290394005674481
151,151,client,137.89099516861316,34.79704181420767,24.95076286476928,1,5.0,中川（中川下）_2,1,9.024024851408095e-06,73.0,112.0,0.9635416666666666,0.3802083333333333,0.5833333333333333,0.6,0.0002024076841684016,0.002971387515214397,0.03313977131490901,0.00475369247285618,0.0031072447930794635
152,152,client,137.88840084248858,34.78974562877157,16.900000000000002,1,4.0,中川（中川下）_3,1,3.6870172902738613e-06,45.0,112.0,0.8177083333333333,0.234375,0.5833333333333333,0.5501432664756447,6.138227857149537e-05,0.0020342390196988348,0.017620503537804814,0.004762928988295115,0.0018129060489211555
153,153,client,137.88363323123235,34.7857069955809,15.260593505739756,2,5.0,中川（中川下）_4,1,2.258835689494809e-06,36.0,112.0,0.7708333333333333,0.1875,0.5833333333333333,0.5363128491620112,3.753229528495283e-05,0.0017486758994230672,0.013142064504728547,0.004765723408893553,0.001421316074114502
154,154,client,137.90026975037355,34.79509350554119,20.895331671421378,1,5.0,牛飼_1,1,1.1765037977181682e-05,77.0,111.0,0.9791666666666666,0.40104166666666663,0.578125,0.6075949367088608,0.00017958053467896718,0.003156797460902193,0.03676470746397427,0.004765537857111111,0.003318758756627195
155,155,client,137.89836482589567,34.790355352407296,19.33383749214117,2,4.0,牛飼_2,1,6.557246125190458e-06,62.0,111.0,0.9010416666666666,0.32291666666666663,0.578125,0.5800604229607251,9.349520704571363e-05,0.002639816071190071,0.02772220095603762,0.004770738725015234,0.002589946589738048
156,156,client,137.89550303337347,34.79342922261545,20.0,2,4.0,牛飼_3,1,7.373555998918535e-06,65.0,113.0,0.9270833333333333,0.33854166666666663,0.5885416666666666,0.5853658536585366,0.00016759478662499064,0.0027469510021628663,0.029662907330738366,0.004803950211103569,0.002737774617248727
157,157,client,137.90964752892592,34.798336015911886,23.974582557912733,1,3.0,飯田（市場）_1,1,1.274195506494177e-05,78.0,115.0,1.0052083333333333,0.40625,0.5989583333333333,0.6095238095238096,0.00023584956251763276,0.003229125597188935,0.03817327845211653,0.004956257697866764,0.0033745548429142433
158,158,client,137.90737123823826,34.800132913401406,24.23939026319931,1,3.0,飯田（市場）_2,1,2.0895682456382146e-05,93.0,115.0,1.0833333333333333,0.484375,0.5989583333333333,0.6597938144329897,0.0004369586469195925,0.00378292051697155,0.04798300165905953,0.00495082972851457,0.004135191370953044
159,159,client,137.90914261334652,34.798016610135875,23.907618553160955,2,2.0,飯田（市場）_3,1,1.2741955064938734e-05,78.0,115.0,1.0052083333333333,0.40625,0.5989583333333333,0.6095238095238096,0.00023584956251763276,0.003229125597188935,0.03817327845211653,0.004956257697866764,0.003374554842914243
160,160,client,137.92184911614353,34.80083217317082,50.48627053749346,2,3.0,飯田（下飯田）_1,1,1.914917733701442e-05,96.0,131.0,1.1822916666666665,0.5,0.6822916666666666,0.6666666666666666,0.0007699498552051775,0.004003623872963866,0.0524787492054567,0.005685964293665761,0.00432631541460767
161,161,client,137.91450837632647,34.79778788567283,63.29573050799668,2,3.0,飯田（下飯田）_2,1,1.1784773528410088e-05,73.0,130.0,1.0572916666666665,0.3802083333333333,0.6770833333333333,0.6,0.0004038916001245336,0.0031299143562345867,0.03741791763597468,0.005650608826161551,0.0032083881359735705
162,162,client,137.91627236316927,34.802441117611,25.703905423674023,1,4.0,飯田（下飯田）_3,1,2.5492422224067564e-05,107.0,129.0,1.2291666666666665,0.5572916666666666,0.671875,0.6931407942238267,0.0009110954375396765,0.004371667967040901,0.05815742925092375,0.005571282156818065,0.004823263404984677
163,163,client,137.91751248582526,34.8019046714484,33.48131727360456,1,3.0,飯田（下飯田）_4,1,2.4259847864012288e-05,105.0,130.0,1.2239583333333333,0.546875,0.6770833333333333,0.6881720430107527,0.0008960303978927044,0.004356935864731971,0.0580540416968685,0.005639764656546223,0.0047280119566815906
164,164,client,137.9216905478151,34.80470720094948,50.11747869570201,1,1.0,飯田（中飯田）_1,1,2.9373899822843046e-05,112.0,135.0,1.2864583333333333,0.5833333333333333,0.703125,0.7058823529411765,0.0010434212500684157,0.004618499517258369,0.06258274245500593,0.00592661347943976,0.005084984589643939
165,165,client,137.92284269966723,34.80558395330787,47.45769578804409,1,4.0,飯田（中飯田）_2,1,2.493542635702891e-05,105.0,134.0,1.2447916666666665,0.546875,0.6979166666666666,0.6881720430107527,0.0009021923712572952,0.0044419075247416825,0.060226107026211805,0.005880079645043837,0.004794112477995939
166,166,client,137.92292002750312,34.80582915873363,46.46381292389184,2,1.0,飯田（中飯田）_3,1,2.926349234823669e-05,112.0,134.0,1.28125,0.5833333333333333,0.6979166666666666,0.7058823529411765,0.0010394658550912494,0.004618283918805632,0.06258274245500593,0.005878001198513663,0.005085371003946758
167,167,client,137.9205384698691,34.80887203029913,34.09340185089004,2,1.0,飯田（上飯田）_1,1,4.436463917524471e-05,130.0,133.0,1.3697916666666665,0.6770833333333333,0.6927083333333333,0.7559055118110236,0.0013457287453415732,0.005250895566608007,0.0718996214643338,0.005866564927843795,0.005894097373221681
168,168,client,137.9200208083866,34.81139776128797,31.833421879615766,2,1.0,飯田（上飯田）_2,1,5.9797649274198963e-05,140.0,130.0,1.40625,0.7291666666666666,0.6770833333333333,0.7868852459016393,0.0016774249449272257,0.005713569932380487,0.07822190460760833,0.00574130109351561,0.006328945744142856
169,169,client,137.92171222852758,34.809970267349755,32.595116337733884,2,4.0,飯田（上飯田）_3,1,4.7766343501913847e-05,137.0,134.0,1.4114583333333333,0.7135416666666666,0.6979166666666666,0.7773279352226721,0.001587983123269601,0.005535217073692364,0.07599930477524708,0.005918417101580168,0.006199544540588531
170,170,client,137.93427139898776,34.818627587358925,113.63993786674456,2,5.0,飯田（東組）_1,1,2.648650117592112e-05,153.0,146.0,1.5572916666666665,0.796875,0.7604166666666666,0.8311688311688312,0.0024213807150614886,0.006558280656109817,0.0899581231995722,0.006490700709091196,0.0069295823778557294
171,171,client,137.9304344863103,34.81831067286592,99.90086362606354,1,2.0,飯田（東組）_2,1,2.6486501175910712e-05,153.0,146.0,1.5572916666666665,0.796875,0.7604166666666666,0.8311688311688312,0.0024213807150614886,0.006558280656109817,0.0899581231995722,0.006490700709091196,0.0069295823778557294
172,172,client,137.92676373681556,34.81548804652334,70.84648513107396,1,3.0,飯田（東組）_3,1,3.390340544488042e-05,150.0,143.0,1.5260416666666665,0.78125,0.7447916666666666,0.8205128205128205,0.0023971918400750363,0.006365167992792985,0.08762372868200285,0.006339508491849946,0.0067791850499457846
173,173,client,137.9132854735595,34.808511765472005,28.46205867692843,2,1.0,飯田（西組）_1,1,4.096261331068291e-05,120.0,130.0,1.3020833333333333,0.625,0.6770833333333333,0.7272727272727273,0.0012877326077916174,0.004859470904722428,0.06608819266879665,0.005600477061653796,0.005448281974463987
174,174,client,137.90892843100644,34.80118837040962,24.7,1,5.0,飯田（西組）_2,1,2.0895682456376508e-05,93.0,115.0,1.0833333333333333,0.484375,0.5989583333333333,0.6597938144329897,0.0004369586469195925,0.00378292051697155,0.04798300165905953,0.00495082972851457,0.004135191370953046
175,175,client,137.91575193983084,34.80315962062251,26.054395276015637,1,2.0,飯田（西組）_3,1,2.6903143231730726e-05,111.0,131.0,1.2604166666666665,0.578125,0.6822916666666666,0.7032967032967034,0.0010212277392859666,0.004523019076906724,0.060657654307409804,0.00566217052547862,0.0050183072355821715
176,176,client,137.92157523336087,34.81542112976455,33.4438016277174,1,3.0,飯田（城北）_1,1,4.87037299245598e-05,153.0,142.0,1.5364583333333333,0.796875,0.7395833333333333,0.8311688311688312,0.002562510759545073,0.0064142560435813695,0.08821104741745517,0.006255920251388414,0.006905615225806434
177,177,client,137.92215890067698,34.80863366204079,35.90752204732734,1,2.0,飯田（若宮）_1,1,3.954303355013268e-05,127.0,134.0,1.359375,0.6614583333333333,0.6979166666666666,0.7470817120622568,0.0013261870162088953,0.005223457615425115,0.07160035428559265,0.005921649296938044,0.0057466079642308435
178,178,client,137.92277718524466,34.809666068142654,33.698895034839374,2,4.0,飯田（若宮）_2,1,4.38542279993636e-05,133.0,135.0,1.3958333333333333,0.6927083333333333,0.703125,0.7649402390438247,0.0015131582369296167,0.005439427054782196,0.07472986243867799,0.005962174509444262,0.006016552858034736
179,179,client,137.92425734729017,34.81258222658333,66.60335117493878,2,4.0,睦実（梶ケ谷）_1,1,4.1887978113786146e-05,144.0,142.0,1.4895833333333333,0.75,0.7395833333333333,0.8,0.0022262131581009155,0.006075608850110657,0.0837804455095213,0.0062586215514710665,0.006527074489346785
180,180,client,137.92262270068784,34.82238927033101,36.017565449218466,1,2.0,睦実（鴨谷）_1,1,4.6262608862846465e-05,171.0,154.0,1.6927083333333333,0.890625,0.8020833333333333,0.9014084507042254,0.0036512184166022344,0.007070525566327993,0.09606640884591264,0.006690353207773475,0.007597089191104006
181,181,client,137.92461698757504,34.814955342498536,38.58499829814936,1,2.0,睦実（鴨谷）_2,1,4.416513102404717e-05,160.0,141.0,1.5677083333333333,0.8333333333333333,0.734375,0.8571428571428571,0.002651791491236647,0.006750940709788883,0.09277435578953899,0.006262769319042365,0.007189242596093176
182,182,client,137.92384326955317,34.81853178783958,33.988507292048666,2,5.0,睦実（鴨谷）_3,1,4.108571472472185e-05,162.0,147.0,1.609375,0.84375,0.765625,0.8648648648648649,0.0028820184261244995,0.006828718255076755,0.09359945093221693,0.0064962984880227595,0.007276396735443458
183,183,client,137.92842566292467,34.82899614767583,37.78715074394078,2,4.0,睦実（福田地）_1,1,5.1840404038324545e-05,172.0,137.0,1.609375,0.8958333333333333,0.7135416666666666,0.9056603773584906,0.002792942042267877,0.007123946533833513,0.09594587818595234,0.00619124615011143,0.007605880896741847
184,184,client,137.92515669717045,34.823262313127266,38.02504858575428,2,5.0,睦実（福田地）_2,1,4.332387006020927e-05,172.0,145.0,1.6510416666666665,0.8958333333333333,0.7552083333333333,0.9056603773584906,0.0029185244107174753,0.007091833114368905,0.09623709538297266,0.006458525912642015,0.007630456085396124
185,185,client,137.93589568503947,34.83508400834322,80.16136686516892,2,1.0,睦実（戸綿）_1,1,5.1422593992342044e-05,137.0,128.0,1.3802083333333333,0.7135416666666666,0.6666666666666666,0.7773279352226721,0.0011780503242769663,0.006114980468590358,0.08244354969452246,0.005822004940827925,0.006239518154406679
186,186,client,137.93677330770066,34.833655047541555,83.57095849190591,2,1.0,睦実（戸綿）_2,1,3.909555112120017e-05,136.0,128.0,1.375,0.7083333333333333,0.6666666666666666,0.7741935483870968,0.0011476996196856252,0.0060817293229720685,0.08190077838376446,0.005822319405366185,0.006195451359063129
187,187,client,137.9459280074339,34.830653368509125,73.97575464594179,2,5.0,睦実（北戸綿）_1,1,1.3249639286462209e-05,117.0,134.0,1.3072916666666665,0.609375,0.6979166666666666,0.7191011235955056,0.000934619312887059,0.005580892717417808,0.07548684362681035,0.006053020399480164,0.005417002531497017
188,188,client,137.9496239138606,34.8374392468495,82.45724596749918,2,1.0,睦実（北戸綿）_2,1,1.1455416405209418e-05,93.0,126.0,1.140625,0.484375,0.65625,0.6597938144329897,0.0007305111857886157,0.004648696452726365,0.05670423946761627,0.005693552254842785,0.004090325676954514
189,189,client,137.93981405693728,34.82717570099968,50.252375304258514,2,1.0,睦実（北戸綿）_3,1,2.137305020153031e-05,125.0,132.0,1.3385416666666665,0.6510416666666666,0.6875,0.7413127413127413,0.0009394768483478367,0.005794910129562077,0.07904107436385335,0.006021958604496448,0.005787650013942071
190,190,client,137.94504789307211,34.828152814849126,61.51279281859967,1,5.0,睦実（北戸綿）_4,1,1.5126230321649628e-05,120.0,135.0,1.328125,0.625,0.703125,0.7272727272727273,0.0009229907113792907,0.005656541900053424,0.07738804691495543,0.006134889248275431,0.005589842789818032
191,191,client,137.93099824318563,34.820367749179745,110.4776829345506,2,4.0,睦実（南戸綿）_1,1,2.6798613202814667e-05,154.0,144.0,1.5520833333333333,0.8020833333333333,0.75,0.8347826086956521,0.002275214060419351,0.006579342621642072,0.0902863297819782,0.00643862559650525,0.006972215337115204
192,192,client,137.93669079311192,34.8212632943322,118.7382021281673,1,5.0,睦実（南戸綿）_2,1,2.4871836738524916e-05,141.0,138.0,1.453125,0.734375,0.71875,0.7901234567901234,0.0015568980767142607,0.0061952624259238,0.08499500788715462,0.0062661734921256275,0.006467134186315079
